id_venda,data,id_loja,categoria,unidades,receita_brl
V00001,2026-01-13,101,Bebidas,102,4406.88
V00002,2026-01-18,101,Bebidas,32,1116.42
V00003,2026-01-02,101,Higiene,44,1068.75
V00004,2026-01-03,101,Higiene,149,3481.39
V00005,2026-01-08,101,Limpeza,131,2618.74
V00006,2026-01-02,101,Limpeza,43,888.01
V00007,2026-01-08,101,Mercearia,164,2351.21
V00008,2026-01-02,101,Mercearia,180,2898.82
V00009,2026-01-02,101,Padaria,167,2236.75
V00010,2026-01-28,101,Padaria,76,886.85
V00011,2026-01-05,102,Bebidas,54,1995.37
V00012,2026-01-10,102,Bebidas,158,5580.41
V00013,2026-01-06,102,Higiene,163,4408.95
V00014,2026-01-21,102,Higiene,46,1178.17
V00015,2026-01-18,102,Limpeza,68,1343.86
V00016,2026-01-20,102,Limpeza,36,745.84
V00017,2026-01-18,102,Mercearia,72,1135.53
V00018,2026-01-15,102,Mercearia,129,2173.95
V00019,2026-01-12,102,Padaria,169,2446.28
V00020,2026-01-06,102,Padaria,96,1182.24
V00021,2026-01-10,103,Bebidas,82,2868.17
V00022,2026-01-11,103,Bebidas,154,5991.16
V00023,2026-01-03,103,Higiene,134,3191.02
V00024,2026-01-06,103,Higiene,50,1259.28
V00025,2026-01-16,103,Limpeza,107,1997.28
V00026,2026-01-22,103,Limpeza,127,2299.34
V00027,2026-01-19,103,Mercearia,39,655.34
V00028,2026-01-12,103,Mercearia,100,1516.95
V00029,2026-01-26,103,Padaria,172,2254.81
V00030,2026-01-03,103,Padaria,136,1596.65
V00031,2026-01-22,104,Bebidas,89,3444.65
V00032,2026-01-23,104,Bebidas,36,1251.95
V00033,2026-01-22,104,Higiene,99,2575.35
V00034,2026-01-13,104,Higiene,134,3188.28
V00035,2026-01-15,104,Limpeza,108,1946.4
V00036,2026-01-04,104,Limpeza,110,2062.06
V00037,2026-01-25,104,Mercearia,146,2056.7
V00038,2026-01-08,104,Mercearia,93,1335.29
V00039,2026-01-28,104,Padaria,121,1545.3
V00040,2026-01-15,104,Padaria,147,1731.35
V00041,2026-01-05,105,Bebidas,122,4809.2
V00042,2026-01-09,105,Bebidas,130,5513.02
V00043,2026-01-22,105,Higiene,126,3539.61
V00044,2026-01-05,105,Higiene,117,3266.18
V00045,2026-01-08,105,Limpeza,41,770.25
V00046,2026-01-27,105,Limpeza,79,1419.63
V00047,2026-01-10,105,Mercearia,170,2475.54
V00048,2026-01-18,105,Mercearia,21,302.84
V00049,2026-01-11,105,Padaria,114,1535.74
V00050,2026-01-17,105,Padaria,52,713.94
V00051,2026-01-24,106,Bebidas,178,7195.15
V00052,2026-01-28,106,Bebidas,33,1271.76
V00053,2026-01-13,106,Higiene,163,3985.89
V00054,2026-01-21,106,Higiene,120,2722.1
V00055,2026-01-03,106,Limpeza,122,2222.8
V00056,2026-01-04,106,Limpeza,73,1467.45
V00057,2026-01-04,106,Mercearia,107,1730.49
V00058,2026-01-18,106,Mercearia,20,320.84
V00059,2026-01-20,106,Padaria,45,655.05
V00060,2026-01-07,106,Padaria,26,305.37
V00061,2026-01-21,107,Bebidas,177,6686.03
V00062,2026-01-20,107,Bebidas,84,3635.26
V00063,2026-01-04,107,Higiene,113,2819.82
V00064,2026-01-15,107,Higiene,144,4051.12
V00065,2026-01-03,107,Limpeza,142,2885.02
V00066,2026-01-11,107,Limpeza,56,1031.43
V00067,2026-01-23,107,Mercearia,87,1366.13
V00068,2026-01-07,107,Mercearia,61,966.72
V00069,2026-01-23,107,Padaria,155,1965.03
V00070,2026-01-25,107,Padaria,159,2296.8
V00071,2026-02-21,101,Bebidas,155,5739.94
V00072,2026-02-09,101,Bebidas,43,1755.0
V00073,2026-02-06,101,Higiene,152,3693.0
V00074,2026-02-18,101,Higiene,111,2972.37
V00075,2026-02-11,101,Limpeza,158,3442.16
V00076,2026-02-26,101,Limpeza,77,1613.98
V00077,2026-02-27,101,Mercearia,69,1170.47
V00078,2026-02-08,101,Mercearia,122,2038.44
V00079,2026-02-12,101,Padaria,71,935.53
V00080,2026-02-26,101,Padaria,27,396.54
V00081,2026-02-07,102,Bebidas,91,3520.45
V00082,2026-02-15,102,Bebidas,174,7531.92
V00083,2026-02-12,102,Higiene,109,3041.03
V00084,2026-02-08,102,Higiene,40,936.01
V00085,2026-02-07,102,Limpeza,140,2644.41
V00086,2026-02-20,102,Limpeza,143,3005.11
V00087,2026-02-21,102,Mercearia,20,314.12
V00088,2026-02-03,102,Mercearia,108,1829.37
V00089,2026-02-26,102,Padaria,50,721.56
V00090,2026-02-06,102,Padaria,71,926.53
V00091,2026-02-11,103,Bebidas,131,5462.28
V00092,2026-02-24,103,Bebidas,42,1755.93
V00093,2026-02-24,103,Higiene,121,3011.31
V00094,2026-02-06,103,Higiene,41,1086.07
V00095,2026-02-19,103,Limpeza,52,938.45
V00096,2026-02-05,103,Limpeza,139,3047.21
V00097,2026-02-16,103,Mercearia,176,2999.4
V00098,2026-02-18,103,Mercearia,109,1576.17
V00099,2026-02-26,103,Padaria,53,614.19
V00100,2026-02-05,103,Padaria,46,607.43
V00101,2026-02-07,104,Bebidas,131,5707.96
V00102,2026-02-07,104,Bebidas,74,2550.48
V00103,2026-02-25,104,Higiene,94,2361.24
V00104,2026-02-18,104,Higiene,170,4087.94
V00105,2026-02-02,104,Limpeza,127,2801.64
V00106,2026-02-22,104,Limpeza,110,2461.37
V00107,2026-02-17,104,Mercearia,169,2872.65
V00108,2026-02-17,104,Mercearia,127,2164.65
V00109,2026-02-17,104,Padaria,53,700.76
V00110,2026-02-15,104,Padaria,150,1736.98
V00111,2026-02-25,105,Bebidas,66,2638.76
V00112,2026-02-16,105,Bebidas,58,2078.56
V00113,2026-02-18,105,Higiene,178,4715.54
V00114,2026-02-17,105,Higiene,35,841.63
V00115,2026-02-26,105,Limpeza,155,3204.37
V00116,2026-02-02,105,Limpeza,47,1048.29
V00117,2026-02-02,105,Mercearia,83,1211.51
V00118,2026-02-18,105,Mercearia,45,711.66
V00119,2026-02-03,105,Padaria,27,376.7
V00120,2026-02-17,105,Padaria,133,1670.74
V00121,2026-02-23,106,Bebidas,175,6836.47
V00122,2026-02-18,106,Bebidas,90,3464.76
V00123,2026-02-08,106,Higiene,142,3572.72
V00124,2026-02-09,106,Higiene,153,4195.07
V00125,2026-02-07,106,Limpeza,163,3643.29
V00126,2026-02-04,106,Limpeza,134,2491.36
V00127,2026-02-03,106,Mercearia,120,1867.46
V00128,2026-02-07,106,Mercearia,81,1256.24
V00129,2026-02-25,106,Padaria,97,1360.77
V00130,2026-02-21,106,Padaria,59,857.06
V00131,2026-02-05,107,Bebidas,113,4018.09
V00132,2026-02-04,107,Bebidas,139,5043.77
V00133,2026-02-06,107,Higiene,121,3323.9
V00134,2026-02-14,107,Higiene,77,1774.0
V00135,2026-02-14,107,Limpeza,151,3007.76
V00136,2026-02-03,107,Limpeza,70,1377.89
V00137,2026-02-18,107,Mercearia,113,1574.66
V00138,2026-02-01,107,Mercearia,137,2131.14
V00139,2026-02-20,107,Padaria,118,1484.53
V00140,2026-02-03,107,Padaria,95,1250.13
V00141,2026-03-26,101,Bebidas,48,2090.8
V00142,2026-03-04,101,Bebidas,78,3387.63
V00143,2026-03-02,101,Higiene,41,970.74
V00144,2026-03-05,101,Higiene,66,1564.63
V00145,2026-03-22,101,Limpeza,128,2833.5
V00146,2026-03-18,101,Limpeza,86,1713.94
V00147,2026-03-23,101,Mercearia,151,2424.58
V00148,2026-03-02,101,Mercearia,103,1463.06
V00149,2026-03-03,101,Padaria,66,850.15
V00150,2026-03-21,101,Padaria,88,1278.0
V00151,2026-03-03,102,Bebidas,42,1756.25
V00152,2026-03-03,102,Bebidas,175,7408.48
V00153,2026-03-15,102,Higiene,87,2378.1
V00154,2026-03-18,102,Higiene,22,530.8
V00155,2026-03-09,102,Limpeza,126,2837.54
V00156,2026-03-17,102,Limpeza,179,3320.97
V00157,2026-03-06,102,Mercearia,81,1415.21
V00158,2026-03-07,102,Mercearia,87,1222.69
V00159,2026-03-17,102,Padaria,99,1339.64
V00160,2026-03-17,102,Padaria,72,896.25
V00161,2026-03-26,103,Bebidas,65,2390.05
V00162,2026-03-02,103,Bebidas,24,1047.55
V00163,2026-03-17,103,Higiene,23,509.75
V00164,2026-03-17,103,Higiene,161,4514.53
V00165,2026-03-15,103,Limpeza,141,2697.65
V00166,2026-03-21,103,Limpeza,47,995.7
V00167,2026-03-18,103,Mercearia,130,2130.38
V00168,2026-03-10,103,Mercearia,120,2111.48
V00169,2026-03-11,103,Padaria,75,1099.79
V00170,2026-03-23,103,Padaria,70,992.83
V00171,2026-03-12,104,Bebidas,55,2092.45
V00172,2026-03-01,104,Bebidas,33,1391.0
V00173,2026-03-09,104,Higiene,38,983.47
V00174,2026-03-03,104,Higiene,130,2996.49
V00175,2026-03-22,104,Limpeza,117,2602.19
V00176,2026-03-23,104,Limpeza,92,1921.78
V00177,2026-03-06,104,Mercearia,95,1333.25
V00178,2026-03-01,104,Mercearia,60,893.75
V00179,2026-03-11,104,Padaria,87,1103.62
V00180,2026-03-02,104,Padaria,160,2008.85
V00181,2026-03-06,105,Bebidas,99,3590.7
V00182,2026-03-03,105,Bebidas,20,747.71
V00183,2026-03-21,105,Higiene,141,3349.94
V00184,2026-03-25,105,Higiene,71,1673.48
V00185,2026-03-27,105,Limpeza,21,385.6
V00186,2026-03-19,105,Limpeza,42,782.28
V00187,2026-03-10,105,Mercearia,30,461.3
V00188,2026-03-03,105,Mercearia,97,1579.57
V00189,2026-03-28,105,Padaria,169,2464.77
V00190,2026-03-23,105,Padaria,59,803.82
V00191,2026-03-11,106,Bebidas,172,6518.87
V00192,2026-03-24,106,Bebidas,146,5200.51
V00193,2026-03-02,106,Higiene,178,4626.17
V00194,2026-03-24,106,Higiene,151,3909.75
V00195,2026-03-17,106,Limpeza,149,2771.86
V00196,2026-03-27,106,Limpeza,149,3089.99
V00197,2026-03-19,106,Mercearia,24,409.0
V00198,2026-03-02,106,Mercearia,78,1106.63
V00199,2026-03-04,106,Padaria,54,732.17
V00200,2026-03-18,106,Padaria,116,1646.58
V00201,2026-03-21,107,Bebidas,32,1285.24
V00202,2026-03-16,107,Bebidas,156,6343.94
V00203,2026-03-26,107,Higiene,87,1920.12
V00204,2026-03-17,107,Higiene,37,985.43
V00205,2026-03-17,107,Limpeza,157,2883.68
V00206,2026-03-16,107,Limpeza,36,778.32
V00207,2026-03-28,107,Mercearia,84,1425.94
V00208,2026-03-25,107,Mercearia,87,1284.46
V00209,2026-03-21,107,Padaria,72,882.6
V00210,2026-03-13,107,Padaria,137,1794.79
V00211,2026-04-22,101,Bebidas,39,1511.27
V00212,2026-04-20,101,Bebidas,93,3858.22
V00213,2026-04-05,101,Higiene,70,1576.72
V00214,2026-04-24,101,Higiene,104,2454.96
V00215,2026-04-05,101,Limpeza,97,2037.02
V00216,2026-04-16,101,Limpeza,23,467.13
V00217,2026-04-04,101,Mercearia,88,1549.17
V00218,2026-04-10,101,Mercearia,75,1234.61
V00219,2026-04-15,101,Padaria,152,1889.93
V00220,2026-04-18,101,Padaria,139,1942.52
V00221,2026-04-03,102,Bebidas,71,2638.42
V00222,2026-04-15,102,Bebidas,141,4845.65
V00223,2026-04-15,102,Higiene,39,1055.8
V00224,2026-04-07,102,Higiene,88,2148.91
V00225,2026-04-05,102,Limpeza,39,811.31
V00226,2026-04-12,102,Limpeza,154,2958.72
V00227,2026-04-21,102,Mercearia,53,857.7
V00228,2026-04-04,102,Mercearia,150,2240.45
V00229,2026-04-16,102,Padaria,113,1385.43
V00230,2026-04-01,102,Padaria,120,1391.94
V00231,2026-04-13,103,Bebidas,145,5897.89
V00232,2026-04-14,103,Bebidas,97,3987.5
V00233,2026-04-04,103,Higiene,108,2630.19
V00234,2026-04-25,103,Higiene,104,2294.31
V00235,2026-04-04,103,Limpeza,106,2340.97
V00236,2026-04-24,103,Limpeza,70,1502.01
V00237,2026-04-03,103,Mercearia,94,1394.48
V00238,2026-04-28,103,Mercearia,120,1843.45
V00239,2026-04-14,103,Padaria,170,1999.96
V00240,2026-04-09,103,Padaria,90,1282.83
V00241,2026-04-22,104,Bebidas,46,1595.76
V00242,2026-04-05,104,Bebidas,93,3741.59
V00243,2026-04-14,104,Higiene,83,2323.8
V00244,2026-04-25,104,Higiene,150,3597.46
V00245,2026-04-14,104,Limpeza,115,2508.85
V00246,2026-04-21,104,Limpeza,27,592.64
V00247,2026-04-18,104,Mercearia,122,2119.96
V00248,2026-04-03,104,Mercearia,160,2342.92
V00249,2026-04-14,104,Padaria,32,464.23
V00250,2026-04-05,104,Padaria,135,1820.84
V00251,2026-04-18,105,Bebidas,93,3609.61
V00252,2026-04-14,105,Bebidas,52,1862.76
V00253,2026-04-09,105,Higiene,107,2544.0
V00254,2026-04-08,105,Higiene,86,2110.27
V00255,2026-04-22,105,Limpeza,97,1970.44
V00256,2026-04-21,105,Limpeza,120,2220.69
V00257,2026-04-17,105,Mercearia,61,863.11
V00258,2026-04-15,105,Mercearia,147,2348.91
V00259,2026-04-15,105,Padaria,105,1544.42
V00260,2026-04-07,105,Padaria,129,1543.71
V00261,2026-04-11,106,Bebidas,82,2875.07
V00262,2026-04-08,106,Bebidas,162,5680.59
V00263,2026-04-19,106,Higiene,114,2694.1
V00264,2026-04-24,106,Higiene,71,1951.39
V00265,2026-04-24,106,Limpeza,125,2476.83
V00266,2026-04-09,106,Limpeza,154,2919.04
V00267,2026-04-16,106,Mercearia,106,1776.1
V00268,2026-04-12,106,Mercearia,91,1462.46
V00269,2026-04-17,106,Padaria,52,713.32
V00270,2026-04-08,106,Padaria,75,886.22
V00271,2026-04-15,107,Bebidas,118,4483.73
V00272,2026-04-28,107,Bebidas,130,5624.12
V00273,2026-04-14,107,Higiene,25,570.73
V00274,2026-04-16,107,Higiene,141,3945.28
V00275,2026-04-27,107,Limpeza,20,365.48
V00276,2026-04-15,107,Limpeza,155,3435.72
V00277,2026-04-08,107,Mercearia,83,1400.62
V00278,2026-04-22,107,Mercearia,59,852.28
V00279,2026-04-24,107,Padaria,47,683.04
V00280,2026-04-25,107,Padaria,137,1615.51
V00281,2026-05-05,101,Bebidas,30,1026.39
V00282,2026-05-02,101,Bebidas,79,3129.12
V00283,2026-05-21,101,Higiene,97,2710.66
V00284,2026-05-14,101,Higiene,84,2123.99
V00285,2026-05-10,101,Limpeza,48,883.43
V00286,2026-05-07,101,Limpeza,154,3481.03
V00287,2026-05-26,101,Mercearia,119,1768.86
V00288,2026-05-18,101,Mercearia,173,2398.55
V00289,2026-05-09,101,Padaria,97,1426.71
V00290,2026-05-08,101,Padaria,100,1358.26
V00291,2026-05-18,102,Bebidas,141,5527.15
V00292,2026-05-14,102,Bebidas,83,2861.69
V00293,2026-05-07,102,Higiene,98,2194.1
V00294,2026-05-21,102,Higiene,147,4038.05
V00295,2026-05-08,102,Limpeza,127,2325.81
V00296,2026-05-08,102,Limpeza,128,2881.62
V00297,2026-05-11,102,Mercearia,146,2042.73
V00298,2026-05-13,102,Mercearia,127,1937.38
V00299,2026-05-10,102,Padaria,70,807.91
V00300,2026-05-16,102,Padaria,149,1748.63
V00301,2026-05-27,103,Bebidas,71,2638.45
V00302,2026-05-08,103,Bebidas,69,2511.1
V00303,2026-05-10,103,Higiene,87,2323.59
V00304,2026-05-16,103,Higiene,47,1310.39
V00305,2026-05-08,103,Limpeza,176,3316.17
V00306,2026-05-22,103,Limpeza,144,2877.8
V00307,2026-05-05,103,Mercearia,34,595.43
V00308,2026-05-01,103,Mercearia,120,1688.31
V00309,2026-05-02,103,Padaria,172,2059.55
V00310,2026-05-15,103,Padaria,35,423.82
V00311,2026-05-03,104,Bebidas,100,4116.09
V00312,2026-05-06,104,Bebidas,62,2314.32
V00313,2026-05-02,104,Higiene,154,4099.66
V00314,2026-05-13,104,Higiene,99,2585.84
V00315,2026-05-15,104,Limpeza,115,2623.18
V00316,2026-05-03,104,Limpeza,63,1162.48
V00317,2026-05-14,104,Mercearia,91,1289.56
V00318,2026-05-25,104,Mercearia,51,817.04
V00319,2026-05-25,104,Padaria,73,929.76
V00320,2026-05-14,104,Padaria,99,1400.89
V00321,2026-05-16,105,Bebidas,42,1456.05
V00322,2026-05-15,105,Bebidas,70,2641.86
V00323,2026-05-24,105,Higiene,69,1658.09
V00324,2026-05-14,105,Higiene,141,3135.2
V00325,2026-05-25,105,Limpeza,83,1821.75
V00326,2026-05-02,105,Limpeza,123,2227.8
V00327,2026-05-02,105,Mercearia,138,1945.93
V00328,2026-05-03,105,Mercearia,85,1241.89
V00329,2026-05-09,105,Padaria,175,2205.88
V00330,2026-05-20,105,Padaria,105,1531.38
V00331,2026-05-23,106,Bebidas,31,1137.41
V00332,2026-05-10,106,Bebidas,101,4341.0
V00333,2026-05-20,106,Higiene,20,529.39
V00334,2026-05-08,106,Higiene,36,799.15
V00335,2026-05-15,106,Limpeza,47,952.88
V00336,2026-05-14,106,Limpeza,118,2577.03
V00337,2026-05-16,106,Mercearia,146,2098.15
V00338,2026-05-24,106,Mercearia,66,916.97
V00339,2026-05-25,106,Padaria,97,1372.82
V00340,2026-05-11,106,Padaria,58,780.87
V00341,2026-05-26,107,Bebidas,101,3896.32
V00342,2026-05-07,107,Bebidas,172,6011.51
V00343,2026-05-08,107,Higiene,120,3199.37
V00344,2026-05-02,107,Higiene,124,2783.36
V00345,2026-05-11,107,Limpeza,143,2954.26
V00346,2026-05-04,107,Limpeza,61,1389.99
V00347,2026-05-03,107,Mercearia,38,565.43
V00348,2026-05-16,107,Mercearia,73,1038.88
V00349,2026-05-05,107,Padaria,134,1617.94
V00350,2026-05-22,107,Padaria,126,1637.36
V00351,2026-06-28,101,Bebidas,80,3304.46
V00352,2026-06-10,101,Bebidas,51,2121.99
V00353,2026-06-09,101,Higiene,95,2257.32
V00354,2026-06-09,101,Higiene,115,2714.7
V00355,2026-06-06,101,Limpeza,70,1406.72
V00356,2026-06-10,101,Limpeza,82,1564.69
V00357,2026-06-03,101,Mercearia,168,2450.24
V00358,2026-06-08,101,Mercearia,121,1794.29
V00359,2026-06-21,101,Padaria,149,1967.42
V00360,2026-06-02,101,Padaria,45,612.48
V00361,2026-06-27,102,Bebidas,46,1575.16
V00362,2026-06-12,102,Bebidas,79,3332.64
V00363,2026-06-08,102,Higiene,30,822.63
V00364,2026-06-20,102,Higiene,50,1117.93
V00365,2026-06-03,102,Limpeza,169,3190.04
V00366,2026-06-06,102,Limpeza,115,2352.96
V00367,2026-06-25,102,Mercearia,134,2168.35
V00368,2026-06-20,102,Mercearia,21,299.61
V00369,2026-06-02,102,Padaria,178,2249.75
V00370,2026-06-02,102,Padaria,114,1437.32
V00371,2026-06-02,103,Bebidas,72,3146.31
V00372,2026-06-07,103,Bebidas,173,7120.02
V00373,2026-06-14,103,Higiene,22,595.44
V00374,2026-06-10,103,Higiene,115,2666.16
V00375,2026-06-26,103,Limpeza,39,737.96
V00376,2026-06-03,103,Limpeza,146,3012.93
V00377,2026-06-13,103,Mercearia,124,1767.04
V00378,2026-06-18,103,Mercearia,160,2312.8
V00379,2026-06-13,103,Padaria,43,585.22
V00380,2026-06-10,103,Padaria,89,1141.99
V00381,2026-06-02,104,Bebidas,98,3740.61
V00382,2026-06-12,104,Bebidas,99,4086.79
V00383,2026-06-28,104,Higiene,126,3099.69
V00384,2026-06-13,104,Higiene,113,2937.71
V00385,2026-06-01,104,Limpeza,123,2327.56
V00386,2026-06-14,104,Limpeza,131,2933.83
V00387,2026-06-13,104,Mercearia,49,833.9
V00388,2026-06-15,104,Mercearia,167,2882.24
V00389,2026-06-02,104,Padaria,61,728.09
V00390,2026-06-26,104,Padaria,161,1928.13
V00391,2026-06-20,105,Bebidas,121,4240.54
V00392,2026-06-06,105,Bebidas,114,4697.24
V00393,2026-06-06,105,Higiene,57,1378.33
V00394,2026-06-03,105,Higiene,153,3534.63
V00395,2026-06-25,105,Limpeza,47,931.5
V00396,2026-06-27,105,Limpeza,70,1358.74
V00397,2026-06-16,105,Mercearia,31,546.09
V00398,2026-06-21,105,Mercearia,100,1406.55
V00399,2026-06-23,105,Padaria,119,1403.74
V00400,2026-06-06,105,Padaria,178,2442.57
V00401,2026-06-20,106,Bebidas,76,3047.6
V00402,2026-06-06,106,Bebidas,70,2945.41
V00403,2026-06-13,106,Higiene,164,3835.32
V00404,2026-06-12,106,Higiene,152,3497.28
V00405,2026-06-24,106,Limpeza,51,951.33
V00406,2026-06-18,106,Limpeza,69,1249.9
V00407,2026-06-11,106,Mercearia,29,476.51
V00408,2026-06-15,106,Mercearia,50,768.04
V00409,2026-06-25,106,Padaria,160,2277.89
V00410,2026-06-10,106,Padaria,98,1332.5
V00411,2026-06-13,107,Bebidas,169,6179.99
V00412,2026-06-15,107,Bebidas,114,4382.67
V00413,2026-06-20,107,Higiene,65,1442.56
V00414,2026-06-15,107,Higiene,145,3610.47
V00415,2026-06-15,107,Limpeza,178,3878.69
V00416,2026-06-13,107,Limpeza,65,1426.25
V00417,2026-06-12,107,Mercearia,47,663.57
V00418,2026-06-26,107,Mercearia,130,1984.65
V00419,2026-06-22,107,Padaria,133,1746.81
V00420,2026-06-05,107,Padaria,30,349.5
V00421,2026-02-15,999,Bebidas,30,1200
V00422,2026-03-15,999,Bebidas,113,4520
V00423,2026-04-15,999,Bebidas,60,2400
